Pair ID,Hinge order,Check,State,Required,Reason
confidence-overclaim,1,entity,PASS,True,exact match in supplied representations
confidence-overclaim,1,concept,PASS,True,exact match in supplied representations
confidence-overclaim,4,scope_id,PASS,True,exact match in supplied representations
confidence-overclaim,2,population,PASS,True,exact match in supplied representations
confidence-overclaim,2,denominator,PASS,True,exact match in supplied representations
confidence-overclaim,2,granularity,PASS,True,exact match in supplied representations
confidence-overclaim,4,location,PASS,True,exact match in supplied representations
confidence-overclaim,4,definition_version,PASS,True,exact match in supplied representations
confidence-overclaim,2,units,PASS,True,dimensions match; exact registered conversion applied
confidence-overclaim,4,time,PASS,True,same UTC interval; unequal aggregate windows are not interchangeable
confidence-overclaim,1,numeric_meaning,PASS,True,both quantities represented as explicit admissible numeric sets
confidence-overclaim,3,method,UNKNOWN,False,method metadata incomplete
confidence-overclaim,5,dependence,PASS,False,no declared shared roots detected; independence not proven
confidence-overclaim,3,registered_evidence,PASS,True,source IDs registered; factual accuracy/authenticity not established
coverage-overclaim,1,entity,PASS,True,exact match in supplied representations
coverage-overclaim,1,concept,PASS,True,exact match in supplied representations
coverage-overclaim,4,scope_id,PASS,True,exact match in supplied representations
coverage-overclaim,2,population,PASS,True,exact match in supplied representations
coverage-overclaim,2,denominator,PASS,True,exact match in supplied representations
coverage-overclaim,2,granularity,PASS,True,exact match in supplied representations
coverage-overclaim,4,location,PASS,True,exact match in supplied representations
coverage-overclaim,4,definition_version,PASS,True,exact match in supplied representations
coverage-overclaim,2,units,PASS,True,dimensions match; exact registered conversion applied
coverage-overclaim,4,time,PASS,True,same UTC interval; unequal aggregate windows are not interchangeable
coverage-overclaim,1,numeric_meaning,PASS,True,both quantities represented as explicit admissible numeric sets
coverage-overclaim,3,method,UNKNOWN,False,method metadata incomplete
coverage-overclaim,5,dependence,PASS,False,no declared shared roots detected; independence not proven
coverage-overclaim,3,registered_evidence,PASS,True,source IDs registered; factual accuracy/authenticity not established
dependence-overclaim,1,entity,PASS,True,exact match in supplied representations
dependence-overclaim,1,concept,PASS,True,exact match in supplied representations
dependence-overclaim,4,scope_id,PASS,True,exact match in supplied representations
dependence-overclaim,2,population,PASS,True,exact match in supplied representations
dependence-overclaim,2,denominator,PASS,True,exact match in supplied representations
dependence-overclaim,2,granularity,PASS,True,exact match in supplied representations
dependence-overclaim,4,location,PASS,True,exact match in supplied representations
dependence-overclaim,4,definition_version,PASS,True,exact match in supplied representations
dependence-overclaim,2,units,PASS,True,dimensions match; exact registered conversion applied
dependence-overclaim,4,time,PASS,True,same UTC interval; unequal aggregate windows are not interchangeable
dependence-overclaim,1,numeric_meaning,PASS,True,both quantities represented as explicit admissible numeric sets
dependence-overclaim,3,method,UNKNOWN,False,method metadata incomplete
dependence-overclaim,5,dependence,UNKNOWN,False,shared source roots: synthetic-source; registered evidence shared roots: synthetic-source
dependence-overclaim,3,registered_evidence,PASS,True,source IDs registered; factual accuracy/authenticity not established; shared evidence roots: synthetic-source
freshness-claim,1,entity,PASS,True,exact match in supplied representations
freshness-claim,1,concept,PASS,True,exact match in supplied representations
freshness-claim,4,scope_id,PASS,True,exact match in supplied representations
freshness-claim,2,population,PASS,True,exact match in supplied representations
freshness-claim,2,denominator,PASS,True,exact match in supplied representations
freshness-claim,2,granularity,PASS,True,exact match in supplied representations
freshness-claim,4,location,PASS,True,exact match in supplied representations
freshness-claim,4,definition_version,PASS,True,exact match in supplied representations
freshness-claim,2,units,PASS,True,dimensions match; exact registered conversion applied
freshness-claim,4,time,PASS,True,same UTC interval; unequal aggregate windows are not interchangeable
freshness-claim,1,numeric_meaning,PASS,True,both quantities represented as explicit admissible numeric sets
freshness-claim,3,method,UNKNOWN,False,method metadata incomplete
freshness-claim,5,dependence,UNKNOWN,False,shared source roots: synthetic-source; registered evidence shared roots: synthetic-source
freshness-claim,3,registered_evidence,PASS,True,source IDs registered; factual accuracy/authenticity not established; shared evidence roots: synthetic-source
qualified-coverage,1,entity,PASS,True,exact match in supplied representations
qualified-coverage,1,concept,PASS,True,exact match in supplied representations
qualified-coverage,4,scope_id,PASS,True,exact match in supplied representations
qualified-coverage,2,population,PASS,True,exact match in supplied representations
qualified-coverage,2,denominator,PASS,True,exact match in supplied representations
qualified-coverage,2,granularity,PASS,True,exact match in supplied representations
qualified-coverage,4,location,PASS,True,exact match in supplied representations
qualified-coverage,4,definition_version,PASS,True,exact match in supplied representations
qualified-coverage,2,units,PASS,True,dimensions match; exact registered conversion applied
qualified-coverage,4,time,PASS,True,same UTC interval; unequal aggregate windows are not interchangeable
qualified-coverage,1,numeric_meaning,PASS,True,both quantities represented as explicit admissible numeric sets
qualified-coverage,3,method,UNKNOWN,False,method metadata incomplete
qualified-coverage,5,dependence,PASS,False,no declared shared roots detected; independence not proven
qualified-coverage,3,registered_evidence,PASS,True,source IDs registered; factual accuracy/authenticity not established
support-case-count,1,entity,PASS,True,exact match in supplied representations
support-case-count,1,concept,PASS,True,exact match in supplied representations
support-case-count,4,scope_id,PASS,True,exact match in supplied representations
support-case-count,2,population,PASS,True,exact match in supplied representations
support-case-count,2,denominator,PASS,True,exact match in supplied representations
support-case-count,2,granularity,PASS,True,exact match in supplied representations
support-case-count,4,location,PASS,True,exact match in supplied representations
support-case-count,4,definition_version,PASS,True,exact match in supplied representations
support-case-count,2,units,PASS,True,dimensions match; exact registered conversion applied
support-case-count,4,time,PASS,True,same UTC interval; unequal aggregate windows are not interchangeable
support-case-count,1,numeric_meaning,PASS,True,both quantities represented as explicit admissible numeric sets
support-case-count,3,method,UNKNOWN,False,method metadata incomplete
support-case-count,5,dependence,UNKNOWN,False,shared source roots: synthetic-source; registered evidence shared roots: synthetic-source
support-case-count,3,registered_evidence,PASS,True,source IDs registered; factual accuracy/authenticity not established; shared evidence roots: synthetic-source
uncertain-count,1,entity,PASS,True,exact match in supplied representations
uncertain-count,1,concept,PASS,True,exact match in supplied representations
uncertain-count,4,scope_id,PASS,True,exact match in supplied representations
uncertain-count,2,population,PASS,True,exact match in supplied representations
uncertain-count,2,denominator,PASS,True,exact match in supplied representations
uncertain-count,2,granularity,PASS,True,exact match in supplied representations
uncertain-count,4,location,PASS,True,exact match in supplied representations
uncertain-count,4,definition_version,PASS,True,exact match in supplied representations
uncertain-count,2,units,PASS,True,dimensions match; exact registered conversion applied
uncertain-count,4,time,PASS,True,same UTC interval; unequal aggregate windows are not interchangeable
uncertain-count,1,numeric_meaning,PASS,True,both quantities represented as explicit admissible numeric sets
uncertain-count,3,method,UNKNOWN,False,method metadata incomplete
uncertain-count,5,dependence,PASS,False,no declared shared roots detected; independence not proven
uncertain-count,3,registered_evidence,PASS,True,source IDs registered; factual accuracy/authenticity not established
unsupported-absence,1,entity,PASS,True,exact match in supplied representations
unsupported-absence,1,concept,FAIL,True,declared identities or scopes differ; not a numeric contradiction
unsupported-absence,4,scope_id,PASS,True,exact match in supplied representations
unsupported-absence,2,population,PASS,True,exact match in supplied representations
unsupported-absence,2,denominator,PASS,True,exact match in supplied representations
unsupported-absence,2,granularity,PASS,True,exact match in supplied representations
unsupported-absence,4,location,PASS,True,exact match in supplied representations
unsupported-absence,4,definition_version,PASS,True,exact match in supplied representations
unsupported-absence,2,units,PASS,True,dimensions match; exact registered conversion applied
unsupported-absence,4,time,PASS,True,same UTC interval; unequal aggregate windows are not interchangeable
unsupported-absence,1,numeric_meaning,PASS,True,both quantities represented as explicit admissible numeric sets
unsupported-absence,3,method,UNKNOWN,False,method metadata incomplete
unsupported-absence,5,dependence,PASS,False,no declared shared roots detected; independence not proven
unsupported-absence,3,registered_evidence,PASS,True,source IDs registered; factual accuracy/authenticity not established
zero-preserved,1,entity,PASS,True,exact match in supplied representations
zero-preserved,1,concept,PASS,True,exact match in supplied representations
zero-preserved,4,scope_id,PASS,True,exact match in supplied representations
zero-preserved,2,population,PASS,True,exact match in supplied representations
zero-preserved,2,denominator,PASS,True,exact match in supplied representations
zero-preserved,2,granularity,PASS,True,exact match in supplied representations
zero-preserved,4,location,PASS,True,exact match in supplied representations
zero-preserved,4,definition_version,PASS,True,exact match in supplied representations
zero-preserved,2,units,PASS,True,dimensions match; exact registered conversion applied
zero-preserved,4,time,PASS,True,same UTC interval; unequal aggregate windows are not interchangeable
zero-preserved,1,numeric_meaning,PASS,True,both quantities represented as explicit admissible numeric sets
zero-preserved,3,method,UNKNOWN,False,method metadata incomplete
zero-preserved,5,dependence,PASS,False,no declared shared roots detected; independence not proven
zero-preserved,3,registered_evidence,PASS,True,source IDs registered; factual accuracy/authenticity not established
