Node ID,Side,Order,Entity,Concept,Unit,Numeric range,P,D,Text,Sources,Dependencies
L1-coverage,L,1,SYNTHETIC-SECTOR,observed_coverage,%,"{""lower"":""100"",""lower_inclusive"":true,""upper"":""100"",""upper_inclusive"":true}",0.0,1.0,The entire sector was observed.,generated-summary,
L1-detections,L,1,SYNTHETIC-SECTOR,detected_track_count,count,"{""lower"":""0"",""lower_inclusive"":true,""upper"":""0"",""upper_inclusive"":true}",0.0,1.0,No tracks were detected.,generated-summary,
L1-presence,L,1,SYNTHETIC-SECTOR,aircraft_present_count,count,"{""lower"":""0"",""lower_inclusive"":true,""upper"":""0"",""upper_inclusive"":true}",0.1,0.9,No aircraft were present.,generated-summary,
L2-confidence,L,2,SYNTHETIC-SECTOR,validation_hit_rate,%,"{""lower"":""95"",""lower_inclusive"":true,""upper"":null,""upper_inclusive"":true}",0.1,0.9,At least 95% in the declared validation metric.,generated-summary,
L2-coverage-bound,L,2,SYNTHETIC-SECTOR,observed_coverage,%,"{""lower"":""50"",""lower_inclusive"":true,""upper"":null,""upper_inclusive"":true}",0.1,0.9,At least half the sector was observed.,generated-summary,
L3-trial-count,L,3,SYNTHETIC-SECTOR,validation_case_count,count,"{""lower"":""100"",""lower_inclusive"":true,""upper"":""100"",""upper_inclusive"":true}",0.1,0.9,The description is supported by 100 cases.,synthetic-source,
L4-age-limit,L,4,SYNTHETIC-SECTOR,record_age,s,"{""lower"":""0"",""lower_inclusive"":true,""upper"":""30"",""upper_inclusive"":true}",0.1,0.9,The snapshot is at most 30 seconds old.,synthetic-source,
L5-sources,L,5,SYNTHETIC-SECTOR,independent_source_count,count,"{""lower"":""2"",""lower_inclusive"":true,""upper"":""2"",""upper_inclusive"":true}",0.1,0.9,Two independent sources corroborate this.,synthetic-source,
M1-age,M,1,SYNTHETIC-SECTOR,record_age,s,"{""lower"":""90"",""lower_inclusive"":true,""upper"":""90"",""upper_inclusive"":true}",0.1,0.9,Age field is 90 seconds in this fixture.,synthetic-source,
M1-detections,M,1,SYNTHETIC-SECTOR,detected_track_count,count,"{""lower"":""0"",""lower_inclusive"":true,""upper"":""0"",""upper_inclusive"":true}",0.1,0.9,No tracks were detected in this 30-second window.,synthetic-source,
M2-count-interval,M,2,SYNTHETIC-SECTOR,detected_track_count,count,"{""lower"":""0"",""lower_inclusive"":true,""upper"":""1"",""upper_inclusive"":true}",0.8,0.9,Possible count under the declared interval model is between 0 and 1.,synthetic-source,
M3-hit-rate,M,3,SYNTHETIC-SECTOR,validation_hit_rate,%,"{""lower"":""72"",""lower_inclusive"":true,""upper"":""72"",""upper_inclusive"":true}",0.1,0.9,The fixture validation hit rate is 72%.,synthetic-source,
M3-trial-count,M,3,SYNTHETIC-SECTOR,validation_case_count,count,"{""lower"":""100"",""lower_inclusive"":true,""upper"":""100"",""upper_inclusive"":true}",0.1,0.9,100 fixture validation cases.,synthetic-source,
M4-coverage,M,4,SYNTHETIC-SECTOR,observed_coverage,%,"{""lower"":""60"",""lower_inclusive"":true,""upper"":""60"",""upper_inclusive"":true}",0.1,0.9,Sensor coverage was 60%.,synthetic-source,
M5-source-count,M,5,SYNTHETIC-SECTOR,independent_source_count,count,"{""lower"":""1"",""lower_inclusive"":true,""upper"":""1"",""upper_inclusive"":true}",0.1,0.9,Two displays trace to one declared source root.,synthetic-source,
