Node ID,Factor,Order,Value,Basis,Source,Dependence group,Kind
L1-coverage,representation_support,2,1.0,synthetic demonstration coefficient; not an empirical probability,,,assumed
L1-detections,representation_support,2,0.99,synthetic demonstration coefficient; not an empirical probability,,,assumed
L1-presence,representation_support,2,0.95,synthetic demonstration coefficient; not an empirical probability,,,assumed
L2-confidence,representation_support,2,0.95,synthetic demonstration coefficient; not an empirical probability,,,assumed
L2-coverage-bound,representation_support,2,1.0,synthetic demonstration coefficient; not an empirical probability,,,assumed
L3-trial-count,representation_support,2,1.0,synthetic demonstration coefficient; not an empirical probability,,,assumed
L4-age-limit,representation_support,2,1.0,synthetic demonstration coefficient; not an empirical probability,,,assumed
L5-sources,representation_support,2,1.0,synthetic demonstration coefficient; not an empirical probability,,,assumed
M1-age,representation_support,2,1.0,synthetic demonstration coefficient; not an empirical probability,,,assumed
M1-detections,representation_support,2,0.99,synthetic demonstration coefficient; not an empirical probability,,,assumed
M2-count-interval,representation_support,2,0.42,synthetic demonstration coefficient; not an empirical probability,,,assumed
M3-hit-rate,representation_support,2,0.9,synthetic demonstration coefficient; not an empirical probability,,,assumed
M3-trial-count,representation_support,2,1.0,synthetic demonstration coefficient; not an empirical probability,,,assumed
M4-coverage,representation_support,2,0.98,synthetic demonstration coefficient; not an empirical probability,,,assumed
M5-source-count,representation_support,2,1.0,synthetic demonstration coefficient; not an empirical probability,,,assumed
