id,label,kind,layer,scope,status,confidence,evidence_ids,valid_from,valid_to,review_due,attributes
assumption:standard,Review standard remains applicable,assumption,meaning,default,asserted,,"[""ev:scenario""]",,,2026-10-01T00:00:00.000000Z,{}
authority:reviewer,Designated review role,authority,authority,default,asserted,,[],,,,{}
capability:intake,Evidence intake process,capability,operations,default,asserted,,[],,,,{}
claim:current,The assessment has current evidence,claim,meaning,default,asserted,,[],,,,{}
claim:unknown,Additional source coverage is unknown,claim,meaning,default,unknown,,[],,,,{}
decision:publish,Proposed assessment publication,decision,decisions,default,asserted,,"[""ev:scenario""]",,,,{}
event:review,Review window opened,event,events,default,observed,,"[""ev:scenario""]",,,,{}
evidence:report,Recorded review report,evidence,evidence,default,asserted,,"[""ev:report""]",,,,{}
mission:readiness,Prepare a readiness review,mission,mission,default,asserted,,[],,,,{}
policy:review,Review procedure,policy,policy,default,asserted,,[],,,,{}
